Case,f_body_Hz,f_wheel_Hz
Comfort,1.10360961595987,11.6722994330365
Rally,1.39200351323571,11.9469195575833
Track,1.70299742199189,12.3521418856366
