Case,f1_Hz,f2_Hz,f3_Hz,f4_Hz
Comfort,1.10360961595988,1.41012764669971,11.6722994330365,11.6748384920139
Rally,1.39200351323571,1.77801534075598,11.9469195575833,11.9535851555261
Track,1.7029974219919,2.17370158271757,12.3521418856366,12.3678370094913
